,id,name
0,531617873113,room 105
1,531631453672,room 110
2,531678996237,room 102
3,531653961395,room 109
4,531623356246,room 108
5,531634335805,room 107
6,531633893168,room 104
7,531621915562,room 103
8,531638117506,room 106
9,531642430080,room 111
10,531614088343,room 112
11,531606617452,room 1000
12,531626050297,room 204
13,531696621601,room 207
14,531638394950,room 205
15,531612640107,room 1001
16,531697433113,room 128
17,531607424446,room 208
18,522600853681,room 206
19,531643601340,room 203
20,531629395319,room 216
21,522645860143,room 220
22,531670338244,room 211
23,531699140206,room 209
24,531695360657,room 210
25,531690681449,room 217
26,531607887416,room 226
27,531679522033,room 219
28,531623263393,room 212
29,531642348884,room 223
30,531629931287,room 2001
31,531618131430,room 122
32,531605808668,room 119
33,531661334040,room 120
34,531620653041,room 117
35,531697345977,room 126
36,531697529531,room 118
37,531678990404,room 124
38,531672860035,room 123
39,531629483834,room 125
40,531690950576,room 121
41,531639745823,room 224
42,531630731854,room 227
43,531684292349,room 222
44,531652339856,room 225
45,531666019919,room 218
46,531662870189,room 202
47,531658550918,room 221
48,531661339739,room 127
49,531635785922,room 999
